{
  "overall": {
    "annual_spend": 21779374.267200004,
    "monthly_avg": 1814947.8556000004,
    "volatility": 0.31203541605870816,
    "potential_savings_range": [
      435587.4853440001,
      1088968.7133600002
    ],
    "working_capital_reduction": [
      22686.848195000006,
      68060.54458500001
    ]
  }
}