,MAPE,Std_Error,Predictions
Moving Average,194.5606052670187,372.7767519551209,6.0
Exponential Smoothing,214.5856100343132,431.2572073731313,6.0
Simple Average,185.79464718293943,369.9775596256162,6.0
Linear Trend,203.2770054228489,405.07317353401027,6.0
